{
  "version": "2024.1",
  "applications": [],
  "platforms": [
    {
      "name": "SpeedAndmotor"
    }
  ],
  "systems": [
    {
      "name": "SpeedAndMotor_App_system",
      "platform": "C:/Users/Kobe/Documents/skorro24_25/SOC/Evaluaties/speed_sensor_groep10/SpeedAndmotor/export/SpeedAndmotor/SpeedAndmotor.xpfm",
      "sysConfig": "SpeedAndmotor",
      "buildConfig": "Debug",
      "applications": [
        {
          "name": "SpeedAndMotor_App",
          "platform": "C:/Users/Kobe/Documents/skorro24_25/SOC/Evaluaties/speed_sensor_groep10/SpeedAndmotor/export/SpeedAndmotor/SpeedAndmotor.xpfm",
          "platformPath": "C:\\Users\\Kobe\\Documents\\skorro24_25\\SOC\\Evaluaties\\speed_sensor_groep10\\SpeedAndmotor\\export\\SpeedAndmotor",
          "sysConfig": "SpeedAndmotor",
          "domain": "standalone_ps7_cortexa9_0",
          "system": "SpeedAndMotor_App_system"
        }
      ],
      "platformPath": "C:\\Users\\Kobe\\Documents\\skorro24_25\\SOC\\Evaluaties\\speed_sensor_groep10\\SpeedAndmotor\\export\\SpeedAndmotor"
    }
  ],
  "others": []
}