<?xml version="1.0" encoding="UTF-8"?>
<Root VersionMajor="1" VersionMinor="15">
  <GenAppInfo Name="Vivado" Version="2024.1" CL="5076996" TimeStamp="Sun Apr 27 08:43:07 2025"/>
  <DSA Vendor="xilinx" BoardId="pynq-z2" Name="" VersionMajor="0" VersionMinor="0" Description="Vivado generated Hardware Platform" FeatureRomTimestamp="0" DcpLogicFunctionStripped="false" DcpEncrypt="false" Unified="true" Fixed="true" DefaultOutputType="hw_export">
    <Build UsesPR="false" PlatformState="pre_synth" AcceleratorBinaryContent="bitstream" ValidBinaryContentValues="dcp,bitstream" TopModuleName="design_1_wrapper"/>
    <Board Name="tul.com.tw:pynq-z2:1.0" Vendor="tul.com.tw" Part="xc7z020clg400-1" BoardPart="tul.com.tw:pynq-z2:part0:1.0">
      <Images>
        <Img Type="HDPI" File="pynq_z2.jpg"/>
        <Img Type="MDPI" File=""/>
        <Img Type="LDPI" File=""/>
      </Images>
    </Board>
    <Devices>
      <Device Name="fpga0" Type="8" FpgaDevice="zynq:xc7z020:clg400:-1">
        <Core Name="OCL_REGION_0" Type="clc_region" ComputeUnits="60">
          <AvailableResources LUT="51946" REG="104982" BRAM="140" DSP="220"/>
        </Core>
      </Device>
    </Devices>
    <Files>
      <File Type="FULL_BIT" Name="SpeedAndmotor.bit"/>
    </Files>
  </DSA>
</Root>
